{
    "train_loss": [
        1.4710573481690379,
        1.456541489718486,
        1.4479367029427952,
        1.4385496417769876,
        1.4322242393658262,
        1.4345502597186508,
        1.4239980764935967,
        1.4277784609980466,
        1.4254689263076188,
        1.421554594037262,
        1.4288817229276245,
        1.4167965252972923,
        1.4214144102183641
    ],
    "test_loss": [
        1.3960558419757418,
        1.3835311648580764,
        1.38774344391293,
        1.3844035726123387,
        1.4003174673186407,
        1.3655854460928176,
        1.3564336087968614,
        1.3614683808220758,
        1.3482536750369603,
        1.3638467404577468,
        1.3862539259592692,
        1.3797825484805637,
        1.3427658232053121
    ],
    "train_accuracy": [
        43.827951002227174,
        44.67636414253897,
        45.01252783964365,
        45.50041759465479,
        45.51990534521158,
        45.49972160356347,
        45.851893095768375,
        45.89434855233853,
        45.938891982182625,
        45.99178730512249,
        45.91522828507795,
        46.16508908685969,
        45.950723830734965
    ],
    "test_accuracy": [
        46.96111111111111,
        47.84444444444444,
        47.19722222222222,
        47.77777777777778,
        46.05555555555556,
        47.486111111111114,
        48.18055555555556,
        48.80555555555556,
        49.02777777777778,
        48.27777777777778,
        48.06388888888889,
        47.78333333333333,
        49.62777777777778
    ],
    "epoch": 13
}